{
  "epoch": [
    1,
    2,
    3,
    4,
    5,
    6,
    7,
    8
  ],
  "train_loss": [
    0.6918680645347736,
    0.5427620008888595,
    0.48022987063871614,
    0.44889230373802536,
    0.4217558771098426,
    0.3995995503171868,
    0.38556539476464646,
    0.3735914637954957
  ],
  "val_loss": [
    0.6070885637851611,
    0.5242502717939141,
    0.46150821426959887,
    0.43597599149566807,
    0.4089650600536229,
    0.3909554402918032,
    0.38743749128220833,
    0.37578825673011884
  ],
  "train_precision": [
    0.6332417616368184,
    0.7360392073518565,
    0.7780171325886924,
    0.7957499588317768,
    0.8105676250066715,
    0.8226319007767542,
    0.8281141645220799,
    0.8369182046315764
  ],
  "train_recall": [
    0.6457077516367379,
    0.7506506496542149,
    0.7834605463018829,
    0.8021948691504605,
    0.817754203798457,
    0.830746017265743,
    0.8396784668924817,
    0.8440604297676505
  ],
  "train_f1_score": [
    0.6394140314916991,
    0.7432731438938323,
    0.7807293654389903,
    0.7989594296063718,
    0.8141450668769612,
    0.8266690590880601,
    0.8338562328282579,
    0.8404741535700223
  ],
  "train_iou": [
    0.46995486124919006,
    0.5914356908989037,
    0.6403248961095585,
    0.6652226647048471,
    0.6865469163945543,
    0.7045489148833078,
    0.7150543862747066,
    0.7248429517883266
  ],
  "train_mae": [
    0.22480311973926123,
    0.1514474597655305,
    0.12763290782587244,
    0.11695626090425963,
    0.10780318821242096,
    0.10035884164888924,
    0.09617159328876286,
    0.09206160873721499
  ],
  "train_mse": [
    0.11653290703756,
    0.08510664101314107,
    0.07332639932085615,
    0.06766505577968895,
    0.06280549912004296,
    0.05884237217793771,
    0.056499104095161505,
    0.054296212212755046
  ],
  "val_precision": [
    0.6720262642272323,
    0.727087871097788,
    0.7833327606050245,
    0.8291981816555819,
    0.8214048238499918,
    0.8236812302257709,
    0.8507348452023447,
    0.8547184308526283
  ],
  "val_recall": [
    0.7792001869084374,
    0.8261178105549524,
    0.8093386120480696,
    0.7861231239155458,
    0.8228154404646029,
    0.8448947833640758,
    0.8171751469126304,
    0.8242956549164957
  ],
  "val_f1_score": [
    0.7216558162934065,
    0.773445859199949,
    0.796123381532989,
    0.8070863329860989,
    0.8221095378752589,
    0.8341531667685415,
    0.8336173818942242,
    0.8392314308007234
  ],
  "val_iou": [
    0.5645238547520838,
    0.6305843416837453,
    0.6612997943930379,
    0.6765672447894612,
    0.6979507398522699,
    0.7154911999936289,
    0.7147031787416245,
    0.7229963289595693
  ],
  "val_mae": [
    0.17541115373781282,
    0.13356677539748688,
    0.1284890497128849,
    0.11657377123220326,
    0.10490881437308168,
    0.09926420735986266,
    0.09383368606947057,
    0.09616772914688064
  ],
  "val_mse": [
    0.10147372571981117,
    0.08505241835668478,
    0.06921049824928584,
    0.06324323690305017,
    0.061073466841998984,
    0.05772621393816112,
    0.056588957826160406,
    0.05374053664097231
  ]
}