{
  "epoch": [
    1,
    2,
    3,
    4,
    5,
    6,
    7,
    8,
    9,
    10,
    11,
    12,
    13,
    14,
    15,
    16,
    17,
    18,
    19,
    20,
    21,
    22,
    23,
    24
  ],
  "train_loss": [
    0.8443517176383132,
    0.7577453758738456,
    0.72929003969245,
    0.7049451807004596,
    0.6863673625954794,
    0.6713350612089175,
    0.6593654117671721,
    0.6467051866076409,
    0.6381118348760343,
    0.6305978757963268,
    0.6220355578518789,
    0.6158204779056234,
    0.6086445411629633,
    0.6056913034194107,
    0.5997198953103582,
    0.5952979569041401,
    0.5919788056776064,
    0.5858505701800005,
    0.5836894256259323,
    0.5816199702954074,
    0.5785680615355115,
    0.5747205620511956,
    0.5717270128442606,
    0.5695659259043703
  ],
  "val_loss": [
    0.8094884434791461,
    0.7646201007986722,
    0.7499850837335195,
    0.7129911466004097,
    0.6921393197693236,
    0.6817666969887198,
    0.6685850867261626,
    0.6686077585367307,
    0.6508634004690875,
    0.6526705481826443,
    0.6528214261139909,
    0.6358534558995129,
    0.6318899966674308,
    0.6312971192679994,
    0.6482911922343789,
    0.6472881344491488,
    0.6112591187431388,
    0.657077571708862,
    0.5990355463877116,
    0.6073628894678534,
    0.6035784821804255,
    0.6030683917542027,
    0.6071121659997392,
    0.6069623293125466
  ],
  "train_precision": [
    0.5148597716418557,
    0.5699147415640832,
    0.5874591596188092,
    0.6046594426115803,
    0.6180463051726813,
    0.6302605977006899,
    0.6372504718694906,
    0.6446395274608843,
    0.6517933027505761,
    0.6598386306581072,
    0.6645279066280604,
    0.6695647669183251,
    0.6742990128331927,
    0.6790560461276309,
    0.6821146061766218,
    0.6877751021229533,
    0.6889875473157515,
    0.6933991968702201,
    0.6952605175867561,
    0.6946965439366877,
    0.6985572939459577,
    0.6998284944731263,
    0.7023670357487921,
    0.7042510809274827
  ],
  "train_recall": [
    0.3678147613260918,
    0.562757238615602,
    0.6041543838014709,
    0.6269148211264463,
    0.6423280537942888,
    0.6528811231980564,
    0.6655229484462685,
    0.6762470939679074,
    0.6839506727603226,
    0.6865608794825407,
    0.695018522750328,
    0.698593407007298,
    0.7049122160364921,
    0.705106943518754,
    0.7089782722710624,
    0.7089783070461824,
    0.7130467667319386,
    0.7173575202666047,
    0.7181227157484196,
    0.7226587746724507,
    0.7247034621022439,
    0.726463633388293,
    0.7285298323696632,
    0.7297922773107837
  ],
  "train_f1_score": [
    0.4290891953835768,
    0.5663134137782381,
    0.5956898505614933,
    0.6155860782238386,
    0.6299533087677764,
    0.641371499599459,
    0.6510799556849559,
    0.6600651668762635,
    0.6674849263268049,
    0.6729345985681948,
    0.6794313309779455,
    0.6837711552061974,
    0.6892658890744593,
    0.691836369203149,
    0.6952870763787622,
    0.6982157901600088,
    0.7008107475960347,
    0.7051749421012135,
    0.7065067335467882,
    0.7084018540714615,
    0.7113902377741854,
    0.7128973865417476,
    0.7152092711313714,
    0.716794246640264
  ],
  "train_iou": [
    0.2731467068505301,
    0.3950049932862833,
    0.424186781301503,
    0.4446546104807625,
    0.4598042314464862,
    0.4720727250069056,
    0.4826675374265623,
    0.4926098733657355,
    0.5009210793566936,
    0.5070847007481825,
    0.5144990269764536,
    0.5194925812407395,
    0.5258624529198467,
    0.5288607012747173,
    0.5329042352637852,
    0.5363529160114835,
    0.5394215765321044,
    0.5446101815219205,
    0.5462005251691245,
    0.5484692157907316,
    0.5520602335594765,
    0.553877637889205,
    0.556673724427302,
    0.5585964791563494
  ],
  "train_mae": [
    0.2988336750892324,
    0.2505150956790382,
    0.23642293648435436,
    0.224395025006128,
    0.21578552756834468,
    0.209002768047359,
    0.2038836188381965,
    0.19865919748577504,
    0.19453947201234484,
    0.1909987952621705,
    0.18738496294809043,
    0.1848484654710927,
    0.1816523639980806,
    0.18011981996374393,
    0.17792935797927575,
    0.17574555242827178,
    0.17461256592645558,
    0.1718796938056246,
    0.17107696608119055,
    0.17017211922264974,
    0.16864410293211632,
    0.16747208361231952,
    0.16627581787765572,
    0.16550571496333552
  ],
  "train_mse": [
    0.14959836760792164,
    0.13058045105376376,
    0.12494544216252249,
    0.11984148114646247,
    0.11616065324446477,
    0.11297451835159862,
    0.11059378791292873,
    0.10813777669307288,
    0.10620229846840605,
    0.10455603148412267,
    0.10287166813097963,
    0.10153118477775416,
    0.10012578905722416,
    0.09936544547387219,
    0.09823731372936056,
    0.09723117668147481,
    0.09656570356099978,
    0.09529313627733003,
    0.09480389408562162,
    0.09453321446519379,
    0.09379110755176719,
    0.09312807119220769,
    0.09254131086375736,
    0.09213427751982978
  ],
  "val_precision": [
    0.4911302045011617,
    0.5528076192304456,
    0.5326832575477698,
    0.6552168386439096,
    0.6346736217410748,
    0.6108927785711722,
    0.6087968169291365,
    0.6042302714579733,
    0.6382389381695388,
    0.6043271384776923,
    0.6149804120399306,
    0.6509985177560061,
    0.6361598551256474,
    0.624932392996906,
    0.6026130518238425,
    0.6033176981809619,
    0.6697954101794719,
    0.5893324959333476,
    0.6780519598534804,
    0.6792285032999766,
    0.6994433014089622,
    0.6898375380535405,
    0.656169389127827,
    0.6713035371723125
  ],
  "val_recall": [
    0.6641011930869004,
    0.6089514445755156,
    0.723709729229176,
    0.5290066479728417,
    0.605654786571807,
    0.6835860166327038,
    0.7112293799272379,
    0.7390735622677953,
    0.6899844496841362,
    0.7706220887958454,
    0.7501684505550608,
    0.7037744348506311,
    0.7458234566501932,
    0.7720745268264254,
    0.7967454770353979,
    0.809898172535483,
    0.7225501756410672,
    0.8277448592340267,
    0.7270726922385988,
    0.7157308402053874,
    0.6845202228027429,
    0.7017739725076183,
    0.7442805212469491,
    0.7316667779216904
  ],
  "val_f1_score": [
    0.5646663988147915,
    0.5795229489731941,
    0.6136743510325493,
    0.5853862689842727,
    0.6198247711668019,
    0.6451983306029593,
    0.6560387980714567,
    0.6648840339771495,
    0.6631037570815959,
    0.6774182619415843,
    0.67588075069076,
    0.6763585429173116,
    0.6866406471872397,
    0.690754484086428,
    0.6862133316525822,
    0.6915092403992024,
    0.6951733986715369,
    0.6884831765681703,
    0.701707251536655,
    0.6970021094473068,
    0.6919013276682904,
    0.6957545852459422,
    0.6974531634094626,
    0.7001866051714137
  ],
  "val_iou": [
    0.39340425517798644,
    0.4079776562353838,
    0.44266244884778316,
    0.41381347193929846,
    0.4490913282615941,
    0.4762308053756147,
    0.48813816823984363,
    0.4979971879049612,
    0.49600238062515484,
    0.5121938455448004,
    0.5104379497404877,
    0.5109831693487148,
    0.5228124436678451,
    0.5275973389827431,
    0.5223171417776007,
    0.5284784794697595,
    0.5327706872367409,
    0.5249518197132486,
    0.5404845861338853,
    0.5349218760528893,
    0.528936622493239,
    0.5334537072929103,
    0.5354533984081782,
    0.5386823793905112
  ],